{
  "runs": [
    {
      "encoding": "angle",
      "seed": 7,
      "summary": {
        "baselines": {
          "no_unlearning": {
            "forget_accuracy_after": 0.3333333333333333,
            "forget_accuracy_before": 0.3333333333333333,
            "mia_success_rate_after": 0.6666666666666666,
            "mia_success_rate_before": 0.6666666666666666,
            "qfi_trace_after": 3.3754590324508307,
            "qfi_trace_before": 2.4e-05,
            "retain_accuracy_after": 0.6666666666666666,
            "retain_accuracy_before": 0.6666666666666666,
            "shap_drop_mean": 0.0
          },
          "qfi_only": {
            "forget_accuracy_after": 0.3333333333333333,
            "forget_accuracy_before": 0.3333333333333333,
            "mia_success_rate_after": 0.6666666666666666,
            "mia_success_rate_before": 0.6666666666666666,
            "qfi_trace_after": 3.3754590324508307,
            "qfi_trace_before": 2.4e-05,
            "retain_accuracy_after": 0.6666666666666666,
            "retain_accuracy_before": 0.6666666666666666,
            "shap_drop_mean": 0.0
          },
          "retrain_complete": {
            "forget_accuracy": 0.3333333333333333,
            "mia_success_rate": 0.6666666666666666,
            "qfi_trace": 2.4e-05,
            "retain_accuracy": 0.6666666666666666
          },
          "shap_only": {
            "forget_accuracy_after": 0.3333333333333333,
            "forget_accuracy_before": 0.3333333333333333,
            "mia_success_rate_after": 0.6666666666666666,
            "mia_success_rate_before": 0.6666666666666666,
            "qfi_trace_after": 3.3754590324508307,
            "qfi_trace_before": 2.4e-05,
            "retain_accuracy_after": 0.6666666666666666,
            "retain_accuracy_before": 0.6666666666666666,
            "shap_drop_mean": 0.0
          },
          "shap_qfi": {
            "forget_accuracy_after": 0.3333333333333333,
            "forget_accuracy_before": 0.3333333333333333,
            "mia_success_rate_after": 0.6666666666666666,
            "mia_success_rate_before": 0.6666666666666666,
            "qfi_trace_after": 3.3754590324508307,
            "qfi_trace_before": 2.4e-05,
            "retain_accuracy_after": 0.6666666666666666,
            "retain_accuracy_before": 0.6666666666666666,
            "shap_drop_mean": 0.0
          }
        },
        "main": {
          "excluded_client": "client_0",
          "forget_set_accuracy_after": 0.3333333333333333,
          "forget_set_accuracy_before": 0.3333333333333333,
          "global_weights": [
            [
              [
                0.05,
                0.05,
                0.05
              ],
              [
                0.05,
                0.05,
                0.05
              ],
              [
                0.05,
                0.05,
                0.05
              ],
              [
                0.05,
                0.05,
                0.05
              ]
            ],
            [
              [
                0.05,
                0.05,
                0.05
              ],
              [
                0.05,
                0.05,
                0.05
              ],
              [
                0.05,
                0.05,
                0.05
              ],
              [
                0.05,
                0.05,
                0.05
              ]
            ]
          ],
          "mask_density": 0.25,
          "mia_success_rate_after": 0.6666666666666666,
          "mia_success_rate_before": 0.6666666666666666,
          "qfi_trace_after": 3.3754590324508307,
          "qfi_trace_before": 3.3754590324508307,
          "random_baseline_accuracy": 0.5,
          "remaining_clients": 1.0,
          "retain_set_accuracy_after": 0.6666666666666666,
          "retain_set_accuracy_before": 0.6666666666666666,
          "shap_after_mean": 0.0009540752457576768,
          "shap_before_mean": 0.0009540752457576768,
          "shap_drop_mean": 0.0
        }
      }
    }
  ]
}