{
  "runs": [
    {
      "encoding": "angle",
      "metrics": {
        "global_accuracy": 0.7916666666666666,
        "global_loss": 0.18200904747498603,
        "num_clients": 2.0,
        "train_accuracy": 0.8333333333333334,
        "train_loss": 0.17624023071951886
      },
      "rounds": [
        {
          "global_accuracy": 0.7916666666666666,
          "global_loss": 0.18200904747498603,
          "num_clients": 2.0,
          "train_accuracy": 0.8333333333333334,
          "train_loss": 0.17624023071951886
        }
      ],
      "seed": 7
    }
  ]
}