{
  "ablation": {
    "angle": {
      "global_accuracy_ci95_high": 0.7916666666666666,
      "global_accuracy_ci95_low": 0.7916666666666666,
      "global_accuracy_max": 0.7916666666666666,
      "global_accuracy_mean": 0.7916666666666666,
      "global_accuracy_median": 0.7916666666666666,
      "global_accuracy_min": 0.7916666666666666,
      "global_accuracy_std": 0.0,
      "global_loss_ci95_high": 0.18200904747498603,
      "global_loss_ci95_low": 0.18200904747498603,
      "global_loss_max": 0.18200904747498603,
      "global_loss_mean": 0.18200904747498603,
      "global_loss_median": 0.18200904747498603,
      "global_loss_min": 0.18200904747498603,
      "global_loss_std": 0.0,
      "num_clients_ci95_high": 2.0,
      "num_clients_ci95_low": 2.0,
      "num_clients_max": 2.0,
      "num_clients_mean": 2.0,
      "num_clients_median": 2.0,
      "num_clients_min": 2.0,
      "num_clients_std": 0.0,
      "num_runs": 1,
      "runs": [
        {
          "encoding": "angle",
          "metrics": {
            "global_accuracy": 0.7916666666666666,
            "global_loss": 0.18200904747498603,
            "num_clients": 2.0,
            "train_accuracy": 0.8333333333333334,
            "train_loss": 0.17624023071951886
          },
          "rounds": [
            {
              "global_accuracy": 0.7916666666666666,
              "global_loss": 0.18200904747498603,
              "num_clients": 2.0,
              "train_accuracy": 0.8333333333333334,
              "train_loss": 0.17624023071951886
            }
          ],
          "seed": 7
        }
      ],
      "train_accuracy_ci95_high": 0.8333333333333334,
      "train_accuracy_ci95_low": 0.8333333333333334,
      "train_accuracy_max": 0.8333333333333334,
      "train_accuracy_mean": 0.8333333333333334,
      "train_accuracy_median": 0.8333333333333334,
      "train_accuracy_min": 0.8333333333333334,
      "train_accuracy_std": 0.0,
      "train_loss_ci95_high": 0.17624023071951886,
      "train_loss_ci95_low": 0.17624023071951886,
      "train_loss_max": 0.17624023071951886,
      "train_loss_mean": 0.17624023071951886,
      "train_loss_median": 0.17624023071951886,
      "train_loss_min": 0.17624023071951886,
      "train_loss_std": 0.0
    }
  },
  "global_accuracy_ci95_high": 0.7916666666666666,
  "global_accuracy_ci95_low": 0.7916666666666666,
  "global_accuracy_max": 0.7916666666666666,
  "global_accuracy_mean": 0.7916666666666666,
  "global_accuracy_median": 0.7916666666666666,
  "global_accuracy_min": 0.7916666666666666,
  "global_accuracy_std": 0.0,
  "global_loss_ci95_high": 0.18200904747498603,
  "global_loss_ci95_low": 0.18200904747498603,
  "global_loss_max": 0.18200904747498603,
  "global_loss_mean": 0.18200904747498603,
  "global_loss_median": 0.18200904747498603,
  "global_loss_min": 0.18200904747498603,
  "global_loss_std": 0.0,
  "metadata": {
    "data_reuploads": 2,
    "dataset_path": null,
    "encoding_modes": [
      "angle"
    ],
    "gpu_policy": "lightning.gpu required when prefer_gpu=true; no CPU fallback",
    "num_clients": 2,
    "num_layers": 2,
    "num_rounds": 1,
    "platform": "Linux-6.8.0-124-generic-x86_64-with-glibc2.35",
    "prefer_gpu": true,
    "processor": "x86_64",
    "python_version": "3.10.12",
    "qfi_definition": "pure_state_qfim=4*fubini_study_metric; block-diagonal approximation",
    "seed": 7,
    "seeds": [
      7
    ]
  },
  "num_clients_ci95_high": 2.0,
  "num_clients_ci95_low": 2.0,
  "num_clients_max": 2.0,
  "num_clients_mean": 2.0,
  "num_clients_median": 2.0,
  "num_clients_min": 2.0,
  "num_clients_std": 0.0,
  "num_runs": 1,
  "runs": [
    {
      "encoding": "angle",
      "metrics": {
        "global_accuracy": 0.7916666666666666,
        "global_loss": 0.18200904747498603,
        "num_clients": 2.0,
        "train_accuracy": 0.8333333333333334,
        "train_loss": 0.17624023071951886
      },
      "rounds": [
        {
          "global_accuracy": 0.7916666666666666,
          "global_loss": 0.18200904747498603,
          "num_clients": 2.0,
          "train_accuracy": 0.8333333333333334,
          "train_loss": 0.17624023071951886
        }
      ],
      "seed": 7
    }
  ],
  "train_accuracy_ci95_high": 0.8333333333333334,
  "train_accuracy_ci95_low": 0.8333333333333334,
  "train_accuracy_max": 0.8333333333333334,
  "train_accuracy_mean": 0.8333333333333334,
  "train_accuracy_median": 0.8333333333333334,
  "train_accuracy_min": 0.8333333333333334,
  "train_accuracy_std": 0.0,
  "train_loss_ci95_high": 0.17624023071951886,
  "train_loss_ci95_low": 0.17624023071951886,
  "train_loss_max": 0.17624023071951886,
  "train_loss_mean": 0.17624023071951886,
  "train_loss_median": 0.17624023071951886,
  "train_loss_min": 0.17624023071951886,
  "train_loss_std": 0.0
}